sample_id,latitude,longitude,timestamp,xgboost_probability,swin_probability,rainfall_3d_mm,rainfall_7d_mm,rainfall_14d_mm,rainfall_30d_mm,rolling_3d_mean,rolling_7d_mean,rolling_14d_mean,rolling_30d_mean,maximum_daily_rainfall,rainfall_anomaly,cumulative_rainfall,trigger_indicator,dynamic_rainfall_risk,dynamic_rainfall_trigger_score,location_name,district,regime_description
STATION_RUDRAPRAYAG,30.735,79.067,2013-06-17,,,328.09,545.78,614.08,638.56,109.36,77.97,43.86,21.29,156.53,1.575,638.56,SEVERE_TRIGGER,0.9537,0.9537,Kedarnath / Mandakini Valley,Rudraprayag,Extreme Historical Disaster (Kedarnath Storm)
STATION_RUDRAPRAYAG,30.735,79.067,2023-07-15,,,76.04,286.65,337.04,627.59,25.35,40.95,24.07,20.92,145.28,1.548,627.59,SEVERE_TRIGGER,0.7798,0.7798,Kedarnath / Mandakini Valley,Rudraprayag,Active Monsoon Peak
STATION_RUDRAPRAYAG,30.735,79.067,2023-08-15,,,45.53,91.06,141.43,308.05,15.18,13.01,10.1,10.27,74.08,0.761,308.05,ELEVATED_TRIGGER,0.5007,0.5007,Kedarnath / Mandakini Valley,Rudraprayag,Mid-Monsoon Sustained Rain
STATION_RUDRAPRAYAG,30.735,79.067,2023-01-15,,,0.0,0.0,0.0,3.25,0.0,0.0,0.0,0.11,3.25,0.01,3.25,LOW_STRESS,0.0115,0.0115,Kedarnath / Mandakini Valley,Rudraprayag,Winter Dry Season Baseline
STATION_CHAMOLI,30.556,79.567,2013-06-17,,,133.05,215.71,254.96,290.3,44.35,30.82,18.21,9.68,63.63,0.717,290.3,SEVERE_TRIGGER,0.764,0.764,Joshimath / Alaknanda Valley,Chamoli,Extreme Historical Disaster (Kedarnath Storm)
STATION_CHAMOLI,30.556,79.567,2023-07-15,,,136.86,207.31,207.31,320.41,45.62,29.62,14.81,10.68,68.43,0.792,320.41,SEVERE_TRIGGER,0.792,0.792,Joshimath / Alaknanda Valley,Chamoli,Active Monsoon Peak
STATION_CHAMOLI,30.556,79.567,2023-08-15,,,43.53,58.04,100.77,196.99,14.51,8.29,7.2,6.57,43.53,0.488,196.99,MODERATE_STRESS,0.3325,0.3325,Joshimath / Alaknanda Valley,Chamoli,Mid-Monsoon Sustained Rain
STATION_CHAMOLI,30.556,79.567,2023-01-15,,,0.0,0.0,0.0,5.41,0.0,0.0,0.0,0.18,5.41,0.016,5.41,LOW_STRESS,0.0191,0.0191,Joshimath / Alaknanda Valley,Chamoli,Winter Dry Season Baseline
STATION_UTTARKASHI,30.727,78.435,2013-06-17,,,126.03,250.58,288.93,298.69,42.01,35.8,20.64,9.96,88.96,0.738,298.69,SEVERE_TRIGGER,0.8157,0.8157,Uttarkashi / Bhagirathi Valley,Uttarkashi,Extreme Historical Disaster (Kedarnath Storm)
STATION_UTTARKASHI,30.727,78.435,2023-07-15,,,43.53,307.28,390.55,582.18,14.51,43.9,27.9,19.41,136.88,1.436,582.18,ELEVATED_TRIGGER,0.6984,0.6984,Uttarkashi / Bhagirathi Valley,Uttarkashi,Active Monsoon Peak
STATION_UTTARKASHI,30.727,78.435,2023-08-15,,,128.34,166.48,299.13,535.69,42.78,23.78,21.37,17.86,87.17,1.322,535.69,SEVERE_TRIGGER,0.8237,0.8237,Uttarkashi / Bhagirathi Valley,Uttarkashi,Mid-Monsoon Sustained Rain
STATION_UTTARKASHI,30.727,78.435,2023-01-15,,,0.0,8.25,19.74,40.79,0.0,1.18,1.41,1.36,9.46,0.103,40.79,LOW_STRESS,0.0463,0.0463,Uttarkashi / Bhagirathi Valley,Uttarkashi,Winter Dry Season Baseline
STATION_PITHORAGARH,29.583,80.217,2013-06-17,,,219.36,356.22,428.63,468.65,73.12,50.89,30.62,15.62,146.24,1.157,468.65,SEVERE_TRIGGER,0.9266,0.9266,Pithoragarh / Kali Valley,Pithoragarh,Extreme Historical Disaster (Kedarnath Storm)
STATION_PITHORAGARH,29.583,80.217,2023-07-15,,,0.0,81.05,162.1,349.16,0.0,11.58,11.58,11.64,57.25,0.862,349.16,MODERATE_STRESS,0.3436,0.3436,Pithoragarh / Kali Valley,Pithoragarh,Active Monsoon Peak
STATION_PITHORAGARH,29.583,80.217,2023-08-15,,,27.51,61.42,136.05,321.88,9.17,8.77,9.72,10.73,49.31,0.795,321.88,MODERATE_STRESS,0.3568,0.3568,Pithoragarh / Kali Valley,Pithoragarh,Mid-Monsoon Sustained Rain
STATION_PITHORAGARH,29.583,80.217,2023-01-15,,,0.0,6.42,12.33,16.87,0.0,0.92,0.88,0.56,6.42,0.044,16.87,LOW_STRESS,0.0299,0.0299,Pithoragarh / Kali Valley,Pithoragarh,Winter Dry Season Baseline
STATION_NAINITAL,29.392,79.453,2013-06-17,,,179.03,339.9,430.73,502.41,59.68,48.56,30.77,16.75,104.03,1.24,502.41,SEVERE_TRIGGER,0.937,0.937,Nainital / Kumaon Hills,Nainital,Extreme Historical Disaster (Kedarnath Storm)
STATION_NAINITAL,29.392,79.453,2023-07-15,,,103.85,217.68,372.45,616.93,34.62,31.1,26.6,20.56,103.85,1.522,616.93,SEVERE_TRIGGER,0.8176,0.8176,Nainital / Kumaon Hills,Nainital,Active Monsoon Peak
STATION_NAINITAL,29.392,79.453,2023-08-15,,,69.04,162.74,292.16,662.12,23.01,23.25,20.87,22.07,88.03,1.633,662.12,ELEVATED_TRIGGER,0.6979,0.6979,Nainital / Kumaon Hills,Nainital,Mid-Monsoon Sustained Rain
STATION_NAINITAL,29.392,79.453,2023-01-15,,,5.47,15.09,29.95,40.82,1.82,2.16,2.14,1.36,14.87,0.103,40.82,LOW_STRESS,0.0826,0.0826,Nainital / Kumaon Hills,Nainital,Winter Dry Season Baseline
STATION_DEHRADUN,30.316,78.032,2013-06-17,,,138.92,329.07,368.93,387.18,46.31,47.01,26.35,12.91,105.64,0.956,387.18,SEVERE_TRIGGER,0.8744,0.8744,Dehradun / Doon Valley,Dehradun,Extreme Historical Disaster (Kedarnath Storm)
STATION_DEHRADUN,30.316,78.032,2023-07-15,,,50.39,244.07,381.85,630.25,16.8,34.87,27.28,21.01,87.22,1.555,630.25,SEVERE_TRIGGER,0.7156,0.7156,Dehradun / Doon Valley,Dehradun,Active Monsoon Peak
STATION_DEHRADUN,30.316,78.032,2023-08-15,,,99.94,250.9,382.86,632.45,33.31,35.84,27.35,21.08,68.13,1.56,632.45,SEVERE_TRIGGER,0.8133,0.8133,Dehradun / Doon Valley,Dehradun,Mid-Monsoon Sustained Rain
STATION_DEHRADUN,30.316,78.032,2023-01-15,,,6.38,6.38,13.02,34.13,2.13,0.91,0.93,1.14,11.57,0.087,34.13,LOW_STRESS,0.0654,0.0654,Dehradun / Doon Valley,Dehradun,Winter Dry Season Baseline
STATION_TEHRI GARHWAL,30.38,78.48,2013-06-17,,,66.7,115.61,133.2,138.16,22.23,16.52,9.51,4.61,32.61,0.343,138.16,MODERATE_STRESS,0.3845,0.3845,Tehri / Bhagirathi Basin,Tehri Garhwal,Extreme Historical Disaster (Kedarnath Storm)
STATION_TEHRI GARHWAL,30.38,78.48,2023-07-15,,,0.0,148.88,218.95,306.78,0.0,21.27,15.64,10.23,95.36,0.758,306.78,MODERATE_STRESS,0.4434,0.4434,Tehri / Bhagirathi Basin,Tehri Garhwal,Active Monsoon Peak
STATION_TEHRI GARHWAL,30.38,78.48,2023-08-15,,,44.4,89.34,194.13,341.94,14.8,12.76,13.87,11.4,38.21,0.845,341.94,MODERATE_STRESS,0.3881,0.3881,Tehri / Bhagirathi Basin,Tehri Garhwal,Mid-Monsoon Sustained Rain
STATION_TEHRI GARHWAL,30.38,78.48,2023-01-15,,,5.73,5.73,11.5,36.78,1.91,0.82,0.82,1.23,10.21,0.093,36.78,LOW_STRESS,0.0593,0.0593,Tehri / Bhagirathi Basin,Tehri Garhwal,Winter Dry Season Baseline
STATION_CHAMPAWAT,29.337,80.102,2013-06-17,,,205.66,356.82,454.26,511.66,68.55,50.97,32.45,17.06,143.96,1.263,511.66,SEVERE_TRIGGER,0.9382,0.9382,Champawat / Sharda Basin,Champawat,Extreme Historical Disaster (Kedarnath Storm)
STATION_CHAMPAWAT,29.337,80.102,2023-07-15,,,60.05,111.77,176.42,347.57,20.02,15.97,12.6,11.59,60.05,0.859,347.57,ELEVATED_TRIGGER,0.5172,0.5172,Champawat / Sharda Basin,Champawat,Active Monsoon Peak
STATION_CHAMPAWAT,29.337,80.102,2023-08-15,,,39.37,97.7,192.66,356.55,13.12,13.96,13.76,11.88,39.37,0.881,356.55,MODERATE_STRESS,0.3916,0.3916,Champawat / Sharda Basin,Champawat,Mid-Monsoon Sustained Rain
STATION_CHAMPAWAT,29.337,80.102,2023-01-15,,,0.0,4.36,11.92,16.25,0.0,0.62,0.85,0.54,7.56,0.042,16.25,LOW_STRESS,0.0319,0.0319,Champawat / Sharda Basin,Champawat,Winter Dry Season Baseline
